filename,width,height,class,xmin,ymin,xmax,ymax
train_TRS_0011_JPG.rf.fa99c61ccfa4b048cafbafc0985bcdcc.jpg,4000,3000,human,1910,1258,1949,1294
train_TRS_0011_JPG.rf.fa99c61ccfa4b048cafbafc0985bcdcc.jpg,4000,3000,human,966,1900,1016,1931
train_TRS_0011_JPG.rf.fa99c61ccfa4b048cafbafc0985bcdcc.jpg,4000,3000,human,1564,2624,1604,2676
train_GOR_3031_JPG.rf.f9bdcb409e4ad6c5928a8e62a3d652e6.jpg,4000,3000,human,1229,1795,1282,1879
train_GOR_3031_JPG.rf.f9bdcb409e4ad6c5928a8e62a3d652e6.jpg,4000,3000,human,2527,2252,2588,2389
train_VRD_2009_JPG.rf.fd14a85ca2b796f834597ffe58dd5ab6.jpg,4000,3000,human,2749,1038,2832,1119
train_VRD_2009_JPG.rf.fd14a85ca2b796f834597ffe58dd5ab6.jpg,4000,3000,human,3141,131,3197,203
train_VRD_0118_JPG.rf.fd5be3b4fe1f5bcd9a22ca1b3e4cb8e4.jpg,4000,3000,human,2364,2899,2415,2963
train_VRD_0135_JPG.rf.fe58e7eb6243396dbdc302570214c67a.jpg,4000,3000,human,261,2632,340,2680
train_VRD_0135_JPG.rf.fe58e7eb6243396dbdc302570214c67a.jpg,4000,3000,human,1612,2106,1686,2143
train_ZRI_2041_JPG.rf.805f32b69c58bab7c6276740266f089c.jpg,4000,3000,human,2360,1272,2466,1334
train_ZRI_2041_JPG.rf.805f32b69c58bab7c6276740266f089c.jpg,4000,3000,human,848,2578,907,2636
train_ZRI_2041_JPG.rf.805f32b69c58bab7c6276740266f089c.jpg,4000,3000,human,1368,2257,1445,2304
train_ZRI_2041_JPG.rf.805f32b69c58bab7c6276740266f089c.jpg,4000,3000,human,2627,7,2672,86
train_BRK_2016_JPG.rf.7f02da80c13638d35c2502be496a65ce.jpg,4000,3000,human,1870,1637,1914,1717
train_BRK_2016_JPG.rf.7f02da80c13638d35c2502be496a65ce.jpg,4000,3000,human,1348,1987,1396,2055
train_GOR_3030_JPG.rf.806f1f70cb2a2f01346eb7e3100e3102.jpg,4000,3000,human,1238,1803,1290,1882
train_GOR_3030_JPG.rf.806f1f70cb2a2f01346eb7e3100e3102.jpg,4000,3000,human,2535,2254,2596,2376
train_JAS_0092_JPG.rf.7f147873de1def9dd902f59b479fe1b1.jpg,4000,3000,human,2488,943,2535,994
train_BRA_1028_JPG.rf.8027f2568abfee632aa2e7ce4c7f085f.jpg,4000,3000,human,1808,2436,1839,2485
train_BRA_1028_JPG.rf.8027f2568abfee632aa2e7ce4c7f085f.jpg,4000,3000,human,1783,2468,1815,2503
train_BRA_1028_JPG.rf.8027f2568abfee632aa2e7ce4c7f085f.jpg,4000,3000,human,1737,2500,1767,2538
train_BRA_1028_JPG.rf.8027f2568abfee632aa2e7ce4c7f085f.jpg,4000,3000,human,1723,2484,1747,2517
train_BRA_1028_JPG.rf.8027f2568abfee632aa2e7ce4c7f085f.jpg,4000,3000,human,1657,2478,1691,2525
train_BRA_1028_JPG.rf.8027f2568abfee632aa2e7ce4c7f085f.jpg,4000,3000,human,1703,2510,1729,2537
train_MED_4016_JPG.rf.81df202e4094404d00f75a729bbb2d8c.jpg,4000,3000,human,236,2337,335,2514
train_MED_4016_JPG.rf.81df202e4094404d00f75a729bbb2d8c.jpg,4000,3000,human,486,16,553,109
train_VRD_3124_JPG.rf.83e8f53d71c6aa48fdf76e5815f313c9.jpg,4000,3000,human,1148,1036,1242,1102
train_MED_3009_JPG.rf.8486890da9a9bfe44cd9bba251ac1aaf.jpg,4000,3000,human,2334,2311,2413,2415
train_MED_3009_JPG.rf.8486890da9a9bfe44cd9bba251ac1aaf.jpg,4000,3000,human,1696,2235,1768,2277
train_MED_3009_JPG.rf.8486890da9a9bfe44cd9bba251ac1aaf.jpg,4000,3000,human,2398,85,2441,194
train_JAS_0145_JPG.rf.8529d748e7a35cdea748464eeb6b8e12.jpg,4000,3000,human,2838,17,2909,89
train_JAS_0082_JPG.rf.8686a79b0a6feae359f2b3dbdb1b3be8.jpg,4000,3000,human,929,2256,1009,2300
train_RAK_0064_JPG.rf.89908906346729b93da435860afc27da.jpg,4000,3000,human,1510,442,1569,517
train_VRD_0119_JPG.rf.8ca60ad949584b928b7ac28143594dbf.jpg,4000,3000,human,2041,1623,2072,1651
train_GOR_1071_JPG.rf.8cbbc58598bf78cdc3198cc6f48cf147.jpg,4000,3000,human,877,159,961,263
train_GOR_1071_JPG.rf.8cbbc58598bf78cdc3198cc6f48cf147.jpg,4000,3000,human,2,1211,140,1289
train_TRS_0030_JPG.rf.8cebb488c94bf14564920c160fd33085.jpg,4000,3000,human,974,2479,1025,2535
train_TRS_0030_JPG.rf.8cebb488c94bf14564920c160fd33085.jpg,4000,3000,human,1339,766,1379,805
train_SB_0019_JPG.rf.8d81cbd147c40b8fc5b1a3afbd37774b.jpg,4000,3000,human,1293,809,1341,865
train_SB_0019_JPG.rf.8d81cbd147c40b8fc5b1a3afbd37774b.jpg,4000,3000,human,2336,938,2383,995
train_BRA_1065_JPG.rf.8dd7515d18864cbc61952c029d46f48d.jpg,4000,3000,human,303,2682,383,2736
train_BRA_1065_JPG.rf.8dd7515d18864cbc61952c029d46f48d.jpg,4000,3000,human,321,2624,398,2679
train_BRA_1065_JPG.rf.8dd7515d18864cbc61952c029d46f48d.jpg,4000,3000,human,196,2725,272,2774
train_BRA_1065_JPG.rf.8dd7515d18864cbc61952c029d46f48d.jpg,4000,3000,human,196,2636,275,2683
train_BRA_1065_JPG.rf.8dd7515d18864cbc61952c029d46f48d.jpg,4000,3000,human,145,2662,205,2708
train_BRA_1065_JPG.rf.8dd7515d18864cbc61952c029d46f48d.jpg,4000,3000,human,125,2612,193,2659
train_BRA_1065_JPG.rf.8dd7515d18864cbc61952c029d46f48d.jpg,4000,3000,human,92,2606,169,2670
train_BRA_1065_JPG.rf.8dd7515d18864cbc61952c029d46f48d.jpg,4000,3000,human,88,2663,151,2703
train_TRS_0014_JPG.rf.90bf886ef6b7656995aca26b5b1ae9a1.jpg,4000,3000,human,1583,2638,1624,2695
train_TRS_0014_JPG.rf.90bf886ef6b7656995aca26b5b1ae9a1.jpg,4000,3000,human,1431,1535,1466,1574
train_MED_3034_JPG.rf.9145224e276d39451850f93e8570c9fa.jpg,4000,3000,human,1537,822,1612,887
train_BRA_1060_JPG.rf.9223e9d510bfd7dab864adcbe873dc57.jpg,4000,3000,human,128,2277,195,2317
train_RAK_0074_JPG.rf.94e9d8fac53372545a6fa759b0222fca.jpg,4000,3000,human,2469,1081,2516,1126
train_RAK_0073_JPG.rf.96e955976329f25ebc82eddcf83cc723.jpg,4000,3000,human,2040,2731,2090,2791
train_JAS_0074_JPG.rf.97daf7baff42f5360c3e8e7a57ce005a.jpg,4000,3000,human,849,454,902,528
train_MED_4053_JPG.rf.9a2f0d6629d2c0a99da9620395c13da9.jpg,4000,3000,human,159,1475,237,1524
train_MED_4053_JPG.rf.9a2f0d6629d2c0a99da9620395c13da9.jpg,4000,3000,human,217,1449,295,1515
train_MED_4053_JPG.rf.9a2f0d6629d2c0a99da9620395c13da9.jpg,4000,3000,human,465,1270,533,1350
train_MED_4053_JPG.rf.9a2f0d6629d2c0a99da9620395c13da9.jpg,4000,3000,human,523,1190,592,1270
train_MED_4053_JPG.rf.9a2f0d6629d2c0a99da9620395c13da9.jpg,4000,3000,human,1341,742,1384,800
train_MED_4053_JPG.rf.9a2f0d6629d2c0a99da9620395c13da9.jpg,4000,3000,human,813,653,855,719
train_ZRI_3003_JPG.rf.9b29288d2f336abb2a262d0f15889a60.jpg,4000,3000,human,1886,543,1958,630
train_ZRI_3003_JPG.rf.9b29288d2f336abb2a262d0f15889a60.jpg,4000,3000,human,1976,1510,2105,1616
train_ZRI_3003_JPG.rf.9b29288d2f336abb2a262d0f15889a60.jpg,4000,3000,human,1456,2038,1521,2104
train_ZRI_3003_JPG.rf.9b29288d2f336abb2a262d0f15889a60.jpg,4000,3000,human,1287,2340,1377,2402
train_ZRI_3003_JPG.rf.9b29288d2f336abb2a262d0f15889a60.jpg,4000,3000,human,1872,2305,1932,2401
train_ZRI_3003_JPG.rf.9b29288d2f336abb2a262d0f15889a60.jpg,4000,3000,human,2240,2416,2306,2481
train_ZRI_3003_JPG.rf.9b29288d2f336abb2a262d0f15889a60.jpg,4000,3000,human,1934,2682,2007,2735
train_ZRI_3003_JPG.rf.9b29288d2f336abb2a262d0f15889a60.jpg,4000,3000,human,2881,2812,2951,2870
train_ZRI_3003_JPG.rf.9b29288d2f336abb2a262d0f15889a60.jpg,4000,3000,human,3049,2760,3107,2830
train_ZRI_3003_JPG.rf.9b29288d2f336abb2a262d0f15889a60.jpg,4000,3000,human,2913,2924,2981,2976
train_ZRI_3003_JPG.rf.9b29288d2f336abb2a262d0f15889a60.jpg,4000,3000,human,3552,2680,3625,2748
train_ZRI_3003_JPG.rf.9b29288d2f336abb2a262d0f15889a60.jpg,4000,3000,human,3609,2512,3707,2573
train_ZRI_3003_JPG.rf.9b29288d2f336abb2a262d0f15889a60.jpg,4000,3000,human,2441,2014,2503,2083
train_ZRI_3003_JPG.rf.9b29288d2f336abb2a262d0f15889a60.jpg,4000,3000,human,3891,1344,3953,1422
train_ZRI_3003_JPG.rf.9b29288d2f336abb2a262d0f15889a60.jpg,4000,3000,human,3022,1333,3093,1427
train_ZRI_2067_JPG.rf.9b4c7aacdf53f3ec4e8380069bc9e837.jpg,4000,3000,human,653,1245,732,1288
train_ZRI_2067_JPG.rf.9b4c7aacdf53f3ec4e8380069bc9e837.jpg,4000,3000,human,424,1570,540,1612
train_ZRI_2067_JPG.rf.9b4c7aacdf53f3ec4e8380069bc9e837.jpg,4000,3000,human,695,1385,784,1438
train_ZRI_2067_JPG.rf.9b4c7aacdf53f3ec4e8380069bc9e837.jpg,4000,3000,human,484,1670,521,1704
train_ZRI_2067_JPG.rf.9b4c7aacdf53f3ec4e8380069bc9e837.jpg,4000,3000,human,478,1697,535,1728
train_ZRI_2067_JPG.rf.9b4c7aacdf53f3ec4e8380069bc9e837.jpg,4000,3000,human,763,2394,832,2446
train_ZRI_2067_JPG.rf.9b4c7aacdf53f3ec4e8380069bc9e837.jpg,4000,3000,human,716,2437,794,2494
train_ZRI_2067_JPG.rf.9b4c7aacdf53f3ec4e8380069bc9e837.jpg,4000,3000,human,275,2671,375,2738
train_ZRI_2067_JPG.rf.9b4c7aacdf53f3ec4e8380069bc9e837.jpg,4000,3000,human,153,1904,281,1973
train_ZRI_2067_JPG.rf.9b4c7aacdf53f3ec4e8380069bc9e837.jpg,4000,3000,human,79,2029,162,2082
train_ZRI_2067_JPG.rf.9b4c7aacdf53f3ec4e8380069bc9e837.jpg,4000,3000,human,201,2213,270,2255
train_ZRI_2067_JPG.rf.9b4c7aacdf53f3ec4e8380069bc9e837.jpg,4000,3000,human,0,2172,98,2231
train_ZRI_2067_JPG.rf.9b4c7aacdf53f3ec4e8380069bc9e837.jpg,4000,3000,human,2306,1276,2354,1329
train_ZRI_2067_JPG.rf.9b4c7aacdf53f3ec4e8380069bc9e837.jpg,4000,3000,human,2321,1325,2355,1363
train_ZRI_2067_JPG.rf.9b4c7aacdf53f3ec4e8380069bc9e837.jpg,4000,3000,human,2614,1147,2676,1216
train_ZRI_2067_JPG.rf.9b4c7aacdf53f3ec4e8380069bc9e837.jpg,4000,3000,human,2782,1335,2831,1381
train_ZRI_2067_JPG.rf.9b4c7aacdf53f3ec4e8380069bc9e837.jpg,4000,3000,human,2694,1367,2760,1419
train_ZRI_2067_JPG.rf.9b4c7aacdf53f3ec4e8380069bc9e837.jpg,4000,3000,human,2630,1371,2674,1418
train_ZRI_2067_JPG.rf.9b4c7aacdf53f3ec4e8380069bc9e837.jpg,4000,3000,human,2693,1339,2764,1376
train_ZRI_2067_JPG.rf.9b4c7aacdf53f3ec4e8380069bc9e837.jpg,4000,3000,human,3626,1389,3731,1444
train_ZRI_2067_JPG.rf.9b4c7aacdf53f3ec4e8380069bc9e837.jpg,4000,3000,human,2355,500,2421,580
train_ZRI_2067_JPG.rf.9b4c7aacdf53f3ec4e8380069bc9e837.jpg,4000,3000,human,1824,2324,1887,2400
train_ZRI_2067_JPG.rf.9b4c7aacdf53f3ec4e8380069bc9e837.jpg,4000,3000,human,3247,2688,3310,2752
train_ZRI_2067_JPG.rf.9b4c7aacdf53f3ec4e8380069bc9e837.jpg,4000,3000,human,3742,2620,3850,2674
train_BRK_2003_JPG.rf.9c34a5e8bd729eb2eb284362c464bd11.jpg,4000,3000,human,2431,2069,2479,2142
train_BRK_2003_JPG.rf.9c34a5e8bd729eb2eb284362c464bd11.jpg,4000,3000,human,1925,2104,1963,2155
train_VRD_0090_JPG.rf.9df2f694041694e78247eb80f1918c62.jpg,4000,3000,human,1259,1291,1342,1339
train_VRD_0034_JPG.rf.9f1b2b31eafbef29bceb9b8e7a52fa2c.jpg,4000,3000,human,2401,2678,2471,2761
train_ZRI_2027_JPG.rf.9edf4b8ba3613768716b50ffcdb49124.jpg,4000,3000,human,2045,645,2087,735
train_ZRI_2027_JPG.rf.9edf4b8ba3613768716b50ffcdb49124.jpg,4000,3000,human,1592,250,1647,347
train_ZRI_2027_JPG.rf.9edf4b8ba3613768716b50ffcdb49124.jpg,4000,3000,human,1671,243,1722,327
train_ZRI_2027_JPG.rf.9edf4b8ba3613768716b50ffcdb49124.jpg,4000,3000,human,1740,2421,1793,2466
train_GOR_1073_JPG.rf.9f4eab6ebe448f442b736cd58bd9d8bb.jpg,4000,3000,human,195,1247,323,1321
train_GOR_1073_JPG.rf.9f4eab6ebe448f442b736cd58bd9d8bb.jpg,4000,3000,human,867,233,959,341
train_ZRI_2018_JPG.rf.a2a415b1d882e56aa8b1fe04384056a3.jpg,4000,3000,human,1069,559,1137,627
train_ZRI_2018_JPG.rf.a2a415b1d882e56aa8b1fe04384056a3.jpg,4000,3000,human,1144,580,1225,652
train_ZRI_2018_JPG.rf.a2a415b1d882e56aa8b1fe04384056a3.jpg,4000,3000,human,1098,426,1167,482
train_ZRI_2018_JPG.rf.a2a415b1d882e56aa8b1fe04384056a3.jpg,4000,3000,human,1300,586,1339,644
train_ZRI_2018_JPG.rf.a2a415b1d882e56aa8b1fe04384056a3.jpg,4000,3000,human,966,1565,1025,1614
train_ZRI_2018_JPG.rf.a2a415b1d882e56aa8b1fe04384056a3.jpg,4000,3000,human,850,1487,910,1523
train_ZRI_2018_JPG.rf.a2a415b1d882e56aa8b1fe04384056a3.jpg,4000,3000,human,932,1440,984,1489
train_ZRI_2018_JPG.rf.a2a415b1d882e56aa8b1fe04384056a3.jpg,4000,3000,human,876,1570,928,1613
train_ZRI_2018_JPG.rf.a2a415b1d882e56aa8b1fe04384056a3.jpg,4000,3000,human,886,1523,954,1563
train_ZRI_2018_JPG.rf.a2a415b1d882e56aa8b1fe04384056a3.jpg,4000,3000,human,909,1488,969,1524
train_ZRI_2018_JPG.rf.a2a415b1d882e56aa8b1fe04384056a3.jpg,4000,3000,human,186,2302,260,2346
train_BRK_2002_JPG.rf.a4f1edd97544c247f420503484279a8d.jpg,4000,3000,human,2363,2173,2412,2247
train_BRK_2002_JPG.rf.a4f1edd97544c247f420503484279a8d.jpg,4000,3000,human,1829,2102,1870,2149
train_BRK_2124_JPG.rf.a6968e828210b243aadee1b81bcfc3f8.jpg,4000,3000,human,1440,664,1493,742
train_BRK_2124_JPG.rf.a6968e828210b243aadee1b81bcfc3f8.jpg,4000,3000,human,2377,920,2428,985
train_BLA_0012_JPG.rf.00401984fe7586ab9897edc9c14daae4.jpg,4000,3000,human,1478,2134,1542,2228
train_MED_3038_JPG.rf.038db92be26459f9bf8f26dec28428d1.jpg,4000,3000,human,1270,2526,1333,2586
train_MED_3038_JPG.rf.038db92be26459f9bf8f26dec28428d1.jpg,4000,3000,human,1534,588,1580,647
train_MED_3038_JPG.rf.038db92be26459f9bf8f26dec28428d1.jpg,4000,3000,human,1445,1014,1487,1070
train_MED_3038_JPG.rf.038db92be26459f9bf8f26dec28428d1.jpg,4000,3000,human,1510,987,1545,1038
train_TRS_0017_JPG.rf.0520dfe16f855251123867aebee37898.jpg,4000,3000,human,1442,2641,1486,2699
train_TRS_0017_JPG.rf.0520dfe16f855251123867aebee37898.jpg,4000,3000,human,1261,1534,1307,1565
train_VRD_0085_JPG.rf.0148fef1650b514cefed931837eb196f.jpg,4000,3000,human,1431,335,1482,388
train_MED_3058_JPG.rf.08349a7bb408998db481ea269ee10d52.jpg,4000,3000,human,537,265,609,324
train_VRD_3123_JPG.rf.08c2808f59e2b06aee1ca21edbfaac28.jpg,4000,3000,human,1083,1418,1183,1482
train_BRK_2035_JPG.rf.0935eea1101cc5b74876f527801d02a2.jpg,4000,3000,human,1566,1465,1616,1519
train_BRK_2035_JPG.rf.0935eea1101cc5b74876f527801d02a2.jpg,4000,3000,human,2331,1651,2380,1699
train_BLA_0004_JPG.rf.0e58b3ac1ac76703aec77075b4b5cfc4.jpg,4000,3000,human,3481,1190,3540,1274
train_BLA_0004_JPG.rf.0e58b3ac1ac76703aec77075b4b5cfc4.jpg,4000,3000,human,359,1740,414,1783
train_BLA_0004_JPG.rf.0e58b3ac1ac76703aec77075b4b5cfc4.jpg,4000,3000,human,2657,2826,2705,2898
train_VRD_0062_JPG.rf.0d4237aa244e5746319ac927145eb797.jpg,4000,3000,human,453,1201,500,1237
train_VRD_0066_JPG.rf.0df9db489fcf9bcb720319e766a7ab03.jpg,4000,3000,human,349,2568,425,2616
train_JAS_0154_JPG.rf.0e5e601a95fa4a6c4174320e542cf416.jpg,4000,3000,human,2700,2549,2758,2576
train_ZRI_3031_JPG.rf.0f65291e7e76777d08136031126775b8.jpg,4000,3000,human,1985,989,2063,1040
train_ZRI_3031_JPG.rf.0f65291e7e76777d08136031126775b8.jpg,4000,3000,human,2392,811,2461,851
train_ZRI_3031_JPG.rf.0f65291e7e76777d08136031126775b8.jpg,4000,3000,human,2783,799,2863,861
train_ZRI_3031_JPG.rf.0f65291e7e76777d08136031126775b8.jpg,4000,3000,human,2989,360,3066,455
train_ZRI_3031_JPG.rf.0f65291e7e76777d08136031126775b8.jpg,4000,3000,human,3230,448,3323,537
train_ZRI_3031_JPG.rf.0f65291e7e76777d08136031126775b8.jpg,4000,3000,human,3291,587,3385,644
train_ZRI_3031_JPG.rf.0f65291e7e76777d08136031126775b8.jpg,4000,3000,human,3255,714,3324,756
train_ZRI_3031_JPG.rf.0f65291e7e76777d08136031126775b8.jpg,4000,3000,human,3261,746,3347,802
train_ZRI_3031_JPG.rf.0f65291e7e76777d08136031126775b8.jpg,4000,3000,human,3239,646,3333,712
train_ZRI_3031_JPG.rf.0f65291e7e76777d08136031126775b8.jpg,4000,3000,human,3325,646,3371,712
train_ZRI_3031_JPG.rf.0f65291e7e76777d08136031126775b8.jpg,4000,3000,human,2139,106,2198,182
train_ZRI_3031_JPG.rf.0f65291e7e76777d08136031126775b8.jpg,4000,3000,human,2178,20,2243,75
train_ZRI_3031_JPG.rf.0f65291e7e76777d08136031126775b8.jpg,4000,3000,human,1993,39,2037,109
train_ZRI_3031_JPG.rf.0f65291e7e76777d08136031126775b8.jpg,4000,3000,human,1971,1643,2123,1710
train_ZRI_3031_JPG.rf.0f65291e7e76777d08136031126775b8.jpg,4000,3000,human,2771,1615,2833,1658
train_ZRI_3031_JPG.rf.0f65291e7e76777d08136031126775b8.jpg,4000,3000,human,2624,1118,2700,1188
train_ZRI_3031_JPG.rf.0f65291e7e76777d08136031126775b8.jpg,4000,3000,human,385,563,471,635
train_ZRI_3031_JPG.rf.0f65291e7e76777d08136031126775b8.jpg,4000,3000,human,346,486,433,538
train_ZRI_3031_JPG.rf.0f65291e7e76777d08136031126775b8.jpg,4000,3000,human,3071,1460,3155,1533
train_BRK_1003_JPG.rf.1452c86ee50583afe5192a2d78b9d4b4.jpg,4000,3000,human,1005,2765,1056,2816
train_BRK_1003_JPG.rf.1452c86ee50583afe5192a2d78b9d4b4.jpg,4000,3000,human,2074,1991,2113,2041
train_JAS_0158_JPG.rf.160bc49be3316a9a7315299c372e79ba.jpg,4000,3000,human,3573,697,3643,752
train_JAS_0158_JPG.rf.160bc49be3316a9a7315299c372e79ba.jpg,4000,3000,human,2090,86,2133,125
train_GOR_2053_JPG.rf.1b56d3e96e57fddcd449aa438f2979a5.jpg,4000,3000,human,250,665,307,718
train_VRD_0014_JPG.rf.1df59f488dbeb1cefd9549c912f1be7d.jpg,4000,3000,human,2396,1652,2445,1688
train_GOR_3019_JPG.rf.1db5b41eb886ddbd4539fa06e125a4fa.jpg,4000,3000,human,1076,521,1114,563
train_GOR_3019_JPG.rf.1db5b41eb886ddbd4539fa06e125a4fa.jpg,4000,3000,human,2910,1032,2974,1099
train_GOR_3045_JPG.rf.1dfcda7c8e3a9ca8cb21ccd25efa562a.jpg,4000,3000,human,1304,1292,1368,1372
train_GOR_3045_JPG.rf.1dfcda7c8e3a9ca8cb21ccd25efa562a.jpg,4000,3000,human,1034,1946,1083,1993
train_BRK_2077_JPG.rf.1e04b43e85cd2da96bcda25e342c3dd1.jpg,4000,3000,human,116,1943,173,1979
train_BRK_2077_JPG.rf.1e04b43e85cd2da96bcda25e342c3dd1.jpg,4000,3000,human,91,1922,145,1957
train_BLA_0002_JPG.rf.1e82cab69709e084d88eed66b0aa2a88.jpg,4000,3000,human,350,1737,425,1780
train_BLA_0002_JPG.rf.1e82cab69709e084d88eed66b0aa2a88.jpg,4000,3000,human,2655,2809,2705,2883
train_BLA_0002_JPG.rf.1e82cab69709e084d88eed66b0aa2a88.jpg,4000,3000,human,3477,1179,3535,1268
train_GOR_2009_JPG.rf.1ef12394bf4543711a2594b5b64d2787.jpg,4000,3000,human,2238,2504,2270,2545
train_GOR_2009_JPG.rf.1ef12394bf4543711a2594b5b64d2787.jpg,4000,3000,human,2179,2655,2224,2698
train_GOR_2009_JPG.rf.1ef12394bf4543711a2594b5b64d2787.jpg,4000,3000,human,2175,2302,2218,2351
train_BRK_2105_JPG.rf.1fa1b6097066af683676c7180b15febf.jpg,4000,3000,human,2250,1076,2316,1132
train_BRK_2105_JPG.rf.1fa1b6097066af683676c7180b15febf.jpg,4000,3000,human,2107,2337,2190,2491
train_BRS_0019_JPG.rf.213ac6008ce94c5f928709ae1a05d628.jpg,4000,3000,human,1152,185,1205,251
train_GOR_2056_JPG.rf.22686d9e54c9f64485c2877eb3ef0914.jpg,4000,3000,human,1944,921,1988,967
train_TRS_0044_JPG.rf.233d53f80965b77660944f2a467c03af.jpg,4000,3000,human,1215,256,1258,319
train_TRS_0044_JPG.rf.233d53f80965b77660944f2a467c03af.jpg,4000,3000,human,2629,2618,2677,2676
train_TRS_0044_JPG.rf.233d53f80965b77660944f2a467c03af.jpg,4000,3000,human,952,2219,997,2263
train_VRD_3132_JPG.rf.24f14ed9c78e22337a80fe64266f94d3.jpg,4000,3000,human,3548,1555,3648,1639
train_SB_0005_JPG.rf.25ce1636aa2651d3a8bde17b4606cccb.jpg,4000,3000,human,2356,1639,2401,1721
train_SB_0005_JPG.rf.25ce1636aa2651d3a8bde17b4606cccb.jpg,4000,3000,human,1029,1836,1091,1898
train_GOR_3011_JPG.rf.274fdeb39637c434c1bf52d419bce7c8.jpg,4000,3000,human,2087,710,2133,752
train_GOR_3011_JPG.rf.274fdeb39637c434c1bf52d419bce7c8.jpg,4000,3000,human,1061,395,1124,494
train_JAS_0081_JPG.rf.278fb8ac60ea522bb8075259b92e77ad.jpg,4000,3000,human,962,2249,1019,2292
train_MED_3035_JPG.rf.5334505b7f5561e4f5b8128b4ab67100.jpg,4000,3000,human,1513,829,1574,902
train_SB_0003_JPG.rf.533ddcb86d50ff15a4712233c40a7c79.jpg,4000,3000,human,1382,1009,1425,1047
train_SB_0003_JPG.rf.533ddcb86d50ff15a4712233c40a7c79.jpg,4000,3000,human,1959,2154,2027,2206
train_ZRI_3006_JPG.rf.5528f6f18d1d99d27243cc8d5a8bf0c7.jpg,4000,3000,human,1680,1906,1728,1951
train_ZRI_3006_JPG.rf.5528f6f18d1d99d27243cc8d5a8bf0c7.jpg,4000,3000,human,2408,1154,2490,1213
train_ZRI_3006_JPG.rf.5528f6f18d1d99d27243cc8d5a8bf0c7.jpg,4000,3000,human,2747,1225,2814,1306
train_ZRI_3006_JPG.rf.5528f6f18d1d99d27243cc8d5a8bf0c7.jpg,4000,3000,human,1467,836,1600,885
train_ZRI_3006_JPG.rf.5528f6f18d1d99d27243cc8d5a8bf0c7.jpg,4000,3000,human,1266,714,1349,784
train_ZRI_3006_JPG.rf.5528f6f18d1d99d27243cc8d5a8bf0c7.jpg,4000,3000,human,1750,708,1871,820
train_ZRI_3006_JPG.rf.5528f6f18d1d99d27243cc8d5a8bf0c7.jpg,4000,3000,human,806,1081,905,1151
train_ZRI_3006_JPG.rf.5528f6f18d1d99d27243cc8d5a8bf0c7.jpg,4000,3000,human,757,708,838,771
train_ZRI_3006_JPG.rf.5528f6f18d1d99d27243cc8d5a8bf0c7.jpg,4000,3000,human,2577,699,2667,743
train_ZRI_3006_JPG.rf.5528f6f18d1d99d27243cc8d5a8bf0c7.jpg,4000,3000,human,2909,536,2965,610
train_ZRI_3006_JPG.rf.5528f6f18d1d99d27243cc8d5a8bf0c7.jpg,4000,3000,human,2598,313,2648,367
train_ZRI_3006_JPG.rf.5528f6f18d1d99d27243cc8d5a8bf0c7.jpg,4000,3000,human,2154,209,2222,273
train_ZRI_3006_JPG.rf.5528f6f18d1d99d27243cc8d5a8bf0c7.jpg,4000,3000,human,3609,567,3711,649
train_ZRI_3006_JPG.rf.5528f6f18d1d99d27243cc8d5a8bf0c7.jpg,4000,3000,human,3933,870,3999,956
train_ZRI_3006_JPG.rf.5528f6f18d1d99d27243cc8d5a8bf0c7.jpg,4000,3000,human,3943,22,3999,98
train_VRD_0009_JPG.rf.58782d4ba9a9435cdea484a05dd28ec6.jpg,4000,3000,human,3522,1155,3633,1223
train_MED_3014_JPG.rf.5a791b6529c16b184bed375113849040.jpg,4000,3000,human,2032,910,2074,989
train_MED_3014_JPG.rf.5a791b6529c16b184bed375113849040.jpg,4000,3000,human,2080,630,2128,705
train_MED_3014_JPG.rf.5a791b6529c16b184bed375113849040.jpg,4000,3000,human,2126,546,2178,661
train_MED_3014_JPG.rf.5a791b6529c16b184bed375113849040.jpg,4000,3000,human,2206,184,2254,295
train_VRD_0112_JPG.rf.5ba7e46e3554d02dc253bc7a427cdf93.jpg,4000,3000,human,2388,1300,2444,1342
train_ZRI_3010_JPG.rf.5e6275267f097edea1865437c1903bd3.jpg,4000,3000,human,2741,2000,2793,2077
train_ZRI_3010_JPG.rf.5e6275267f097edea1865437c1903bd3.jpg,4000,3000,human,2505,1673,2581,1726
train_ZRI_3010_JPG.rf.5e6275267f097edea1865437c1903bd3.jpg,4000,3000,human,2811,1421,2887,1496
train_ZRI_3010_JPG.rf.5e6275267f097edea1865437c1903bd3.jpg,4000,3000,human,2518,1047,2569,1103
train_ZRI_3010_JPG.rf.5e6275267f097edea1865437c1903bd3.jpg,4000,3000,human,3703,1505,3811,1557
train_ZRI_3010_JPG.rf.5e6275267f097edea1865437c1903bd3.jpg,4000,3000,human,3405,2496,3475,2567
train_ZRI_3010_JPG.rf.5e6275267f097edea1865437c1903bd3.jpg,4000,3000,human,3486,2524,3572,2585
train_SB_0030_JPG.rf.6144b9ee9d68aee20f85b2cddb60216f.jpg,4000,3000,human,1767,2637,1822,2680
train_SB_0030_JPG.rf.6144b9ee9d68aee20f85b2cddb60216f.jpg,4000,3000,human,2336,2430,2374,2472
train_JAS_0064_JPG.rf.5f0c39ce5e3efe31fa8892fd5a6042f2.jpg,4000,3000,human,1389,771,1433,830
train_BRK_2038_JPG.rf.619c27c5223701c50d2f56d437bbcf17.jpg,4000,3000,human,2083,1926,2129,1985
train_TRS_0034_JPG.rf.6344d34d629a66291aa25913ff38fc69.jpg,4000,3000,human,720,1905,781,1951
train_TRS_0034_JPG.rf.6344d34d629a66291aa25913ff38fc69.jpg,4000,3000,human,1807,577,1847,611
train_ZRI_2090_JPG.rf.63a8c6bc54f6623ebb688c0224a14182.jpg,4000,3000,human,530,899,637,960
train_ZRI_2090_JPG.rf.63a8c6bc54f6623ebb688c0224a14182.jpg,4000,3000,human,608,839,713,900
train_ZRI_2090_JPG.rf.63a8c6bc54f6623ebb688c0224a14182.jpg,4000,3000,human,2631,1488,2689,1559
train_ZRI_2090_JPG.rf.63a8c6bc54f6623ebb688c0224a14182.jpg,4000,3000,human,2694,1499,2742,1560
train_ZRI_2090_JPG.rf.63a8c6bc54f6623ebb688c0224a14182.jpg,4000,3000,human,1993,1362,2035,1445
train_TRS_0041_JPG.rf.64149c1736f94f3ef2b16aaf18463467.jpg,4000,3000,human,1017,470,1066,530
train_TRS_0041_JPG.rf.64149c1736f94f3ef2b16aaf18463467.jpg,4000,3000,human,1132,2407,1175,2456
train_TRS_0041_JPG.rf.64149c1736f94f3ef2b16aaf18463467.jpg,4000,3000,human,2826,2487,2874,2547
train_TRS_0041_JPG.rf.64149c1736f94f3ef2b16aaf18463467.jpg,4000,3000,human,2826,2898,2878,2953
train_SB_0035_JPG.rf.66ece009c244ff5685268ca51b1f634e.jpg,4000,3000,human,1739,1784,1793,1823
train_SB_0035_JPG.rf.66ece009c244ff5685268ca51b1f634e.jpg,4000,3000,human,2293,1572,2330,1599
train_SB_0035_JPG.rf.66ece009c244ff5685268ca51b1f634e.jpg,4000,3000,human,1958,2388,1988,2433
train_ZRI_2077_JPG.rf.67cdcf02e4e02a95cf9330e1aabb53f0.jpg,4000,3000,human,1562,431,1624,507
train_ZRI_2077_JPG.rf.67cdcf02e4e02a95cf9330e1aabb53f0.jpg,4000,3000,human,1586,377,1640,428
train_ZRI_2077_JPG.rf.67cdcf02e4e02a95cf9330e1aabb53f0.jpg,4000,3000,human,1657,493,1710,565
train_ZRI_2077_JPG.rf.67cdcf02e4e02a95cf9330e1aabb53f0.jpg,4000,3000,human,2681,271,2730,340
train_ZRI_2077_JPG.rf.67cdcf02e4e02a95cf9330e1aabb53f0.jpg,4000,3000,human,2629,1097,2669,1168
train_ZRI_2077_JPG.rf.67cdcf02e4e02a95cf9330e1aabb53f0.jpg,4000,3000,human,2607,1167,2657,1209
train_ZRI_2077_JPG.rf.67cdcf02e4e02a95cf9330e1aabb53f0.jpg,4000,3000,human,2597,1205,2664,1262
train_BRS_0003_JPG.rf.68271b5c580e366f064a31e7721431d0.jpg,4000,3000,human,2088,1765,2120,1790
train_BRS_0003_JPG.rf.68271b5c580e366f064a31e7721431d0.jpg,4000,3000,human,2127,1732,2151,1765
train_BRS_0003_JPG.rf.68271b5c580e366f064a31e7721431d0.jpg,4000,3000,human,2084,1570,2113,1610
train_GOR_3034_JPG.rf.6b21a7c96e791d3cbd8c164af6221624.jpg,4000,3000,human,1232,1745,1292,1879
train_GOR_3034_JPG.rf.6b21a7c96e791d3cbd8c164af6221624.jpg,4000,3000,human,2517,2251,2583,2388
train_VRD_0148_JPG.rf.6c4cf409fac4a82e7264a76084949a9a.jpg,4000,3000,human,1407,2545,1489,2591
train_VRD_0148_JPG.rf.6c4cf409fac4a82e7264a76084949a9a.jpg,4000,3000,human,2659,2230,2701,2286
train_ZRI_3024_JPG.rf.6cdda979982256c6718242a9dbd81f18.jpg,4000,3000,human,698,1787,808,1848
train_ZRI_3024_JPG.rf.6cdda979982256c6718242a9dbd81f18.jpg,4000,3000,human,704,1696,806,1748
train_ZRI_3024_JPG.rf.6cdda979982256c6718242a9dbd81f18.jpg,4000,3000,human,1863,1311,1920,1390
train_ZRI_3024_JPG.rf.6cdda979982256c6718242a9dbd81f18.jpg,4000,3000,human,2038,1253,2085,1331
train_ZRI_3024_JPG.rf.6cdda979982256c6718242a9dbd81f18.jpg,4000,3000,human,2620,1659,2681,1712
train_ZRI_3024_JPG.rf.6cdda979982256c6718242a9dbd81f18.jpg,4000,3000,human,2551,1723,2614,1804
train_ZRI_3024_JPG.rf.6cdda979982256c6718242a9dbd81f18.jpg,4000,3000,human,2419,1632,2477,1696
train_ZRI_3024_JPG.rf.6cdda979982256c6718242a9dbd81f18.jpg,4000,3000,human,3313,1249,3368,1314
train_ZRI_3024_JPG.rf.6cdda979982256c6718242a9dbd81f18.jpg,4000,3000,human,3677,1189,3760,1262
train_ZRI_3024_JPG.rf.6cdda979982256c6718242a9dbd81f18.jpg,4000,3000,human,3767,1566,3871,1664
train_ZRI_3024_JPG.rf.6cdda979982256c6718242a9dbd81f18.jpg,4000,3000,human,3685,778,3750,834
train_ZRI_3024_JPG.rf.6cdda979982256c6718242a9dbd81f18.jpg,4000,3000,human,2606,2459,2678,2556
train_ZRI_3024_JPG.rf.6cdda979982256c6718242a9dbd81f18.jpg,4000,3000,human,2198,2589,2274,2643
train_ZRI_3024_JPG.rf.6cdda979982256c6718242a9dbd81f18.jpg,4000,3000,human,2789,2858,2878,2951
train_ZRI_3024_JPG.rf.6cdda979982256c6718242a9dbd81f18.jpg,4000,3000,human,3023,2556,3092,2645
train_ZRI_3024_JPG.rf.6cdda979982256c6718242a9dbd81f18.jpg,4000,3000,human,3692,2432,3782,2494
train_BRK_2099_JPG.rf.6da52875b934de3fd29558ad8c46e108.jpg,4000,3000,human,2529,1025,2601,1097
train_BRK_2099_JPG.rf.6da52875b934de3fd29558ad8c46e108.jpg,4000,3000,human,2071,2481,2171,2653
train_JAS_0149_JPG.rf.6f0ffb37ed34ff08742421397c488ae5.jpg,4000,3000,human,2338,1514,2385,1560
train_JAS_0149_JPG.rf.6f0ffb37ed34ff08742421397c488ae5.jpg,4000,3000,human,3215,67,3261,138
train_BRS_0023_JPG.rf.70b8ecb60252857c92ed1b0e4f091661.jpg,4000,3000,human,2182,525,2219,579
train_BRK_2094_JPG.rf.71c2b0e800b8507c5bfda4e070fc9f22.jpg,4000,3000,human,2951,1037,3015,1100
train_GOR_2004_JPG.rf.72d7cb1f89bf7ce5d934cc7a05104d86.jpg,4000,3000,human,1783,2833,1839,2918
train_VRD_3126_JPG.rf.72ba915251a2d46e71882f0cc6eed6df.jpg,4000,3000,human,1296,326,1381,388
train_MED_3002_JPG.rf.74d051b5745a13c9148432377cabe101.jpg,4000,3000,human,1912,2411,1948,2453
train_MED_3002_JPG.rf.74d051b5745a13c9148432377cabe101.jpg,4000,3000,human,1973,2592,2008,2643
train_MED_3002_JPG.rf.74d051b5745a13c9148432377cabe101.jpg,4000,3000,human,1522,1236,1561,1277
train_MED_3002_JPG.rf.74d051b5745a13c9148432377cabe101.jpg,4000,3000,human,1568,1229,1595,1270
train_MED_3002_JPG.rf.74d051b5745a13c9148432377cabe101.jpg,4000,3000,human,1423,140,1469,232
train_CAP_0054_JPG.rf.769ba4ad655144ddcdfb2c9bc607d319.jpg,4000,3000,human,1926,2584,2005,2668
train_CAP_0054_JPG.rf.769ba4ad655144ddcdfb2c9bc607d319.jpg,4000,3000,human,2408,2957,2478,2999
train_BRK_1013_JPG.rf.78a6b91084206f702a99c7432ab4a94e.jpg,4000,3000,human,987,2697,1033,2741
train_BRK_1013_JPG.rf.78a6b91084206f702a99c7432ab4a94e.jpg,4000,3000,human,2112,1897,2146,1953
train_JAS_0065_JPG.rf.77a9301b451325f8aede58ed1b7a3279.jpg,4000,3000,human,1341,811,1405,882
train_GOR_3007_JPG.rf.78eeb9c8cfceda73c8a99e58a942c2d2.jpg,4000,3000,human,763,1144,840,1210
train_GOR_3007_JPG.rf.78eeb9c8cfceda73c8a99e58a942c2d2.jpg,4000,3000,human,1863,1460,1899,1507
train_VRD_2050_JPG.rf.797f2a64d2202c737174b844590b0520.jpg,4000,3000,human,721,2427,787,2560
train_GOR_3006_JPG.rf.78f80d40f9df40af924faebcdca0e1b9.jpg,4000,3000,human,1109,1281,1188,1345
train_GOR_3006_JPG.rf.78f80d40f9df40af924faebcdca0e1b9.jpg,4000,3000,human,1866,1471,1914,1518
train_BRK_2093_JPG.rf.7a7ea057317cf653bcf00aae88050773.jpg,4000,3000,human,2592,1019,2664,1081
train_MED_3066_JPG.rf.7aa98c8cb92c647590155c97b909aa7e.jpg,4000,3000,human,1961,1841,2009,1905
train_MED_3066_JPG.rf.7aa98c8cb92c647590155c97b909aa7e.jpg,4000,3000,human,1871,1406,1937,1466
train_MED_3066_JPG.rf.7aa98c8cb92c647590155c97b909aa7e.jpg,4000,3000,human,2219,290,2278,450
train_VRD_3098_JPG.rf.cef565611d6849a1225aef337af24efc.jpg,4000,3000,human,1886,2228,1920,2282
train_GOR_3040_JPG.rf.d1fdced8fa7c7b52198e3f2fd91a51fa.jpg,4000,3000,human,17,1920,124,1969
train_BRK_2009_JPG.rf.d0876f9bb168759215f9938d8417366d.jpg,4000,3000,human,1814,1604,1855,1691
train_BRK_2009_JPG.rf.d0876f9bb168759215f9938d8417366d.jpg,4000,3000,human,1319,2028,1364,2101
train_RAK_0071_JPG.rf.d2e5953369cca62cc0682e7060d4e290.jpg,4000,3000,human,2083,2134,2141,2202
train_BRK_2097_JPG.rf.d3e26c9f8e8f0358dc892917b3cec2fd.jpg,4000,3000,human,2928,1093,3001,1159
train_BRK_2097_JPG.rf.d3e26c9f8e8f0358dc892917b3cec2fd.jpg,4000,3000,human,2732,2448,2813,2543
train_JAS_0077_JPG.rf.d4049c94c2794eca78608e4eea389306.jpg,4000,3000,human,937,2086,1023,2134
train_SB_0020_JPG.rf.d56c12b88fc86467a6bd77fd426fc841.jpg,4000,3000,human,1549,2412,1587,2454
train_SB_0020_JPG.rf.d56c12b88fc86467a6bd77fd426fc841.jpg,4000,3000,human,2027,1876,2064,1926
train_VRD_3106_JPG.rf.d53b8321255270df1470dfea8ebba037.jpg,4000,3000,human,2248,1350,2301,1489
train_GOR_3012_JPG.rf.d6dfc4a56d22bfd5c6fd8206ce5aac83.jpg,4000,3000,human,901,571,985,654
train_GOR_3012_JPG.rf.d6dfc4a56d22bfd5c6fd8206ce5aac83.jpg,4000,3000,human,2072,665,2115,741
train_GOR_3064_JPG.rf.d9d9a9830b4e1d6eea9976bac17f727b.jpg,4000,3000,human,2565,1083,2613,1145
train_GOR_3064_JPG.rf.d9d9a9830b4e1d6eea9976bac17f727b.jpg,4000,3000,human,2722,1591,2777,1638
train_TRS_0018_JPG.rf.dc84e25ce852dabdd964e180f989a0bd.jpg,4000,3000,human,1275,1518,1325,1548
train_TRS_0018_JPG.rf.dc84e25ce852dabdd964e180f989a0bd.jpg,4000,3000,human,1461,2637,1495,2689
train_ZRI_2005_JPG.rf.ddeba5ab818638692890ff03ac1c080f.jpg,4000,3000,human,1802,489,1841,537
train_ZRI_2005_JPG.rf.ddeba5ab818638692890ff03ac1c080f.jpg,4000,3000,human,1718,393,1761,440
train_ZRI_2005_JPG.rf.ddeba5ab818638692890ff03ac1c080f.jpg,4000,3000,human,2027,213,2099,270
train_VRD_3082_JPG.rf.dcddf12eccdaff9ef0d6de34dd054751.jpg,4000,3000,human,2162,359,2191,417
train_ZRI_3026_JPG.rf.dd83e4332a634873f64718422fda8f6b.jpg,4000,3000,human,1703,148,1768,216
train_ZRI_3026_JPG.rf.dd83e4332a634873f64718422fda8f6b.jpg,4000,3000,human,1829,8,1868,94
train_ZRI_3026_JPG.rf.dd83e4332a634873f64718422fda8f6b.jpg,4000,3000,human,2348,122,2401,187
train_ZRI_3026_JPG.rf.dd83e4332a634873f64718422fda8f6b.jpg,4000,3000,human,2509,38,2581,97
train_ZRI_3026_JPG.rf.dd83e4332a634873f64718422fda8f6b.jpg,4000,3000,human,2502,135,2578,206
train_ZRI_3026_JPG.rf.dd83e4332a634873f64718422fda8f6b.jpg,4000,3000,human,2981,720,3055,778
train_ZRI_3026_JPG.rf.dd83e4332a634873f64718422fda8f6b.jpg,4000,3000,human,3333,591,3419,657
train_ZRI_3026_JPG.rf.dd83e4332a634873f64718422fda8f6b.jpg,4000,3000,human,3307,937,3382,1038
train_ZRI_3026_JPG.rf.dd83e4332a634873f64718422fda8f6b.jpg,4000,3000,human,2670,1015,2734,1080
train_ZRI_3026_JPG.rf.dd83e4332a634873f64718422fda8f6b.jpg,4000,3000,human,3638,310,3752,387
train_ZRI_3026_JPG.rf.dd83e4332a634873f64718422fda8f6b.jpg,4000,3000,human,3815,113,3909,216
train_ZRI_3026_JPG.rf.dd83e4332a634873f64718422fda8f6b.jpg,4000,3000,human,3715,228,3803,294
train_ZRI_3026_JPG.rf.dd83e4332a634873f64718422fda8f6b.jpg,4000,3000,human,3736,266,3817,356
train_ZRI_3026_JPG.rf.dd83e4332a634873f64718422fda8f6b.jpg,4000,3000,human,3829,1129,3943,1213
train_ZRI_3026_JPG.rf.dd83e4332a634873f64718422fda8f6b.jpg,4000,3000,human,3609,1361,3671,1419
train_ZRI_3026_JPG.rf.dd83e4332a634873f64718422fda8f6b.jpg,4000,3000,human,3703,2574,3773,2608
train_ZRI_3026_JPG.rf.dd83e4332a634873f64718422fda8f6b.jpg,4000,3000,human,3642,2516,3744,2574
train_ZRI_3026_JPG.rf.dd83e4332a634873f64718422fda8f6b.jpg,4000,3000,human,966,1126,1041,1206
train_ZRI_3026_JPG.rf.dd83e4332a634873f64718422fda8f6b.jpg,4000,3000,human,897,1062,993,1118
train_JAS_0079_JPG.rf.de43a0011df44ce476de4899ec0dde49.jpg,4000,3000,human,947,2058,1004,2117
train_RAK_0002_JPG.rf.e4afeee5b0ca5f7441b123a64f588102.jpg,4000,3000,human,2363,2787,2417,2862
train_RAK_0002_JPG.rf.e4afeee5b0ca5f7441b123a64f588102.jpg,4000,3000,human,1795,2374,1842,2441
train_MED_4055_JPG.rf.e5474ffec608de39021b0de841920c70.jpg,4000,3000,human,855,1018,913,1074
train_MED_4055_JPG.rf.e5474ffec608de39021b0de841920c70.jpg,4000,3000,human,381,972,433,1033
train_MED_4055_JPG.rf.e5474ffec608de39021b0de841920c70.jpg,4000,3000,human,2740,999,2795,1050
train_MED_4055_JPG.rf.e5474ffec608de39021b0de841920c70.jpg,4000,3000,human,93,1579,173,1624
train_MED_4055_JPG.rf.e5474ffec608de39021b0de841920c70.jpg,4000,3000,human,93,1502,198,1566
train_BRK_2037_JPG.rf.e7484413ff040ac6cf04876062f2cbaf.jpg,4000,3000,human,2057,1979,2105,2030
train_BRK_2037_JPG.rf.e7484413ff040ac6cf04876062f2cbaf.jpg,4000,3000,human,2084,2955,2125,2999
train_BRK_1017_JPG.rf.eb64449f52251fa9bc88e13043b7805e.jpg,4000,3000,human,1010,2799,1061,2843
train_BRK_1017_JPG.rf.eb64449f52251fa9bc88e13043b7805e.jpg,4000,3000,human,2112,1957,2147,2011
train_GOR_3035_JPG.rf.ef43133ddcb133de378864264cb3c54f.jpg,4000,3000,human,1225,1744,1287,1882
train_GOR_3035_JPG.rf.ef43133ddcb133de378864264cb3c54f.jpg,4000,3000,human,2516,2257,2576,2390
train_GOR_2067_JPG.rf.f0cda8a1f32d9b00870fa187efd995ca.jpg,4000,3000,human,2097,539,2162,595
train_GOR_2067_JPG.rf.f0cda8a1f32d9b00870fa187efd995ca.jpg,4000,3000,human,2068,428,2118,488
train_GOR_2067_JPG.rf.f0cda8a1f32d9b00870fa187efd995ca.jpg,4000,3000,human,1959,216,2007,275
train_GOR_2067_JPG.rf.f0cda8a1f32d9b00870fa187efd995ca.jpg,4000,3000,human,2079,7,2133,102
train_GOR_2067_JPG.rf.f0cda8a1f32d9b00870fa187efd995ca.jpg,4000,3000,human,2391,198,2462,297
train_GOR_2067_JPG.rf.f0cda8a1f32d9b00870fa187efd995ca.jpg,4000,3000,human,2377,156,2425,202
train_GOR_2067_JPG.rf.f0cda8a1f32d9b00870fa187efd995ca.jpg,4000,3000,human,2689,963,2771,1061
train_BRK_2100_JPG.rf.f0eaf65925e45d15d7d9e55b8d8beb60.jpg,4000,3000,human,2537,1039,2607,1099
train_BRK_2100_JPG.rf.f0eaf65925e45d15d7d9e55b8d8beb60.jpg,4000,3000,human,2079,2474,2171,2654
train_BRK_2069_JPG.rf.f35f5d8cb7b29240eb6486a35a8285a5.jpg,4000,3000,human,2047,1068,2143,1148
train_BRK_2069_JPG.rf.f35f5d8cb7b29240eb6486a35a8285a5.jpg,4000,3000,human,731,2149,797,2211
train_SB_0031_JPG.rf.f42dc3ea7b6ede50cf2cd9e21ec13003.jpg,4000,3000,human,1779,2545,1833,2582
train_SB_0031_JPG.rf.f42dc3ea7b6ede50cf2cd9e21ec13003.jpg,4000,3000,human,2347,2331,2383,2371
train_BRS_0025_JPG.rf.f5a2cbc9db9d3c185a8b326ac7155408.jpg,4000,3000,human,130,1846,219,1881
train_BRS_0025_JPG.rf.f5a2cbc9db9d3c185a8b326ac7155408.jpg,4000,3000,human,200,1652,275,1684
train_BRS_0025_JPG.rf.f5a2cbc9db9d3c185a8b326ac7155408.jpg,4000,3000,human,2361,2441,2406,2496
train_VRD_3024_JPG.rf.f5890255fac4e7f467ac8566aaed137a.jpg,4000,3000,human,0,680,54,737
train_SB_0038_JPG.rf.f61bcbdab0c13c0a3bcd03e1c0f949ed.jpg,4000,3000,human,1747,1661,1799,1695
train_SB_0038_JPG.rf.f61bcbdab0c13c0a3bcd03e1c0f949ed.jpg,4000,3000,human,2299,1448,2333,1477
train_SB_0038_JPG.rf.f61bcbdab0c13c0a3bcd03e1c0f949ed.jpg,4000,3000,human,1963,2263,1992,2304
train_VRD_0004_JPG.rf.f7a00a8406bd37a92b16b0be4adbde3d.jpg,4000,3000,human,2589,1282,2660,1334
train_MED_3070_JPG.rf.f6e159307aff3d1a75efbb6fc049bf12.jpg,4000,3000,human,2222,1738,2277,1875
train_JAS_0085_JPG.rf.f75ab42d10f5e5ec994cc0783dd954d7.jpg,4000,3000,human,935,2153,1075,2207
train_ZRI_2061_JPG.rf.f83155fdc4e89117173a0d3b500c97cd.jpg,4000,3000,human,1476,37,1528,133
train_ZRI_2061_JPG.rf.f83155fdc4e89117173a0d3b500c97cd.jpg,4000,3000,human,1596,516,1642,568
train_ZRI_2061_JPG.rf.f83155fdc4e89117173a0d3b500c97cd.jpg,4000,3000,human,2172,1409,2256,1465
train_ZRI_2061_JPG.rf.f83155fdc4e89117173a0d3b500c97cd.jpg,4000,3000,human,2010,1845,2077,1892
train_ZRI_2061_JPG.rf.f83155fdc4e89117173a0d3b500c97cd.jpg,4000,3000,human,1937,1791,1975,1828
train_ZRI_2061_JPG.rf.f83155fdc4e89117173a0d3b500c97cd.jpg,4000,3000,human,668,1578,759,1640
train_ZRI_2061_JPG.rf.f83155fdc4e89117173a0d3b500c97cd.jpg,4000,3000,human,475,1759,557,1847
train_ZRI_2061_JPG.rf.f83155fdc4e89117173a0d3b500c97cd.jpg,4000,3000,human,99,2151,187,2246
train_ZRI_2061_JPG.rf.f83155fdc4e89117173a0d3b500c97cd.jpg,4000,3000,human,304,2333,399,2409
train_ZRI_2061_JPG.rf.f83155fdc4e89117173a0d3b500c97cd.jpg,4000,3000,human,1004,2363,1081,2434
train_ZRI_2061_JPG.rf.f83155fdc4e89117173a0d3b500c97cd.jpg,4000,3000,human,1061,2455,1140,2541
train_ZRI_2061_JPG.rf.f83155fdc4e89117173a0d3b500c97cd.jpg,4000,3000,human,2941,2188,3001,2229
train_ZRI_2061_JPG.rf.f83155fdc4e89117173a0d3b500c97cd.jpg,4000,3000,human,2797,2443,2896,2503
train_ZRI_2061_JPG.rf.f83155fdc4e89117173a0d3b500c97cd.jpg,4000,3000,human,2354,2515,2401,2572
train_ZRI_2061_JPG.rf.f83155fdc4e89117173a0d3b500c97cd.jpg,4000,3000,human,2987,2855,3073,2948
train_ZRI_2061_JPG.rf.f83155fdc4e89117173a0d3b500c97cd.jpg,4000,3000,human,1978,2584,2024,2648
train_ZRI_2061_JPG.rf.f83155fdc4e89117173a0d3b500c97cd.jpg,4000,3000,human,1906,2640,1969,2731
train_ZRI_2061_JPG.rf.f83155fdc4e89117173a0d3b500c97cd.jpg,4000,3000,human,1474,2628,1520,2695
train_ZRI_2061_JPG.rf.f83155fdc4e89117173a0d3b500c97cd.jpg,4000,3000,human,2043,2874,2076,2917
train_ZRI_2061_JPG.rf.f83155fdc4e89117173a0d3b500c97cd.jpg,4000,3000,human,1876,2313,1916,2364
train_ZRI_2032_JPG.rf.27e28b1972b806eb07f636d07eeb48ad.jpg,4000,3000,human,1068,544,1135,619
train_ZRI_2032_JPG.rf.27e28b1972b806eb07f636d07eeb48ad.jpg,4000,3000,human,1067,519,1171,557
train_ZRI_2032_JPG.rf.27e28b1972b806eb07f636d07eeb48ad.jpg,4000,3000,human,1973,1050,2024,1131
train_ZRI_2032_JPG.rf.27e28b1972b806eb07f636d07eeb48ad.jpg,4000,3000,human,1928,1000,1978,1057
train_ZRI_2032_JPG.rf.27e28b1972b806eb07f636d07eeb48ad.jpg,4000,3000,human,1869,869,1925,924
train_ZRI_2032_JPG.rf.27e28b1972b806eb07f636d07eeb48ad.jpg,4000,3000,human,3725,2080,3776,2111
train_ZRI_2032_JPG.rf.27e28b1972b806eb07f636d07eeb48ad.jpg,4000,3000,human,3552,2050,3611,2084
train_ZRI_2032_JPG.rf.27e28b1972b806eb07f636d07eeb48ad.jpg,4000,3000,human,3618,2013,3712,2076
train_ZRI_2032_JPG.rf.27e28b1972b806eb07f636d07eeb48ad.jpg,4000,3000,human,1169,2785,1259,2871
train_ZRI_2032_JPG.rf.27e28b1972b806eb07f636d07eeb48ad.jpg,4000,3000,human,1206,2058,1301,2181
train_GOR_3070_JPG.rf.2a62ab41bbed12f2faaadadbeaf6f497.jpg,4000,3000,human,2637,1646,2692,1705
train_GOR_3070_JPG.rf.2a62ab41bbed12f2faaadadbeaf6f497.jpg,4000,3000,human,2985,2400,3063,2440
train_BRK_2014_JPG.rf.2931531d0b7ff4d5adfb753ee6729482.jpg,4000,3000,human,1340,1986,1392,2054
train_BRK_2014_JPG.rf.2931531d0b7ff4d5adfb753ee6729482.jpg,4000,3000,human,1850,1573,1896,1653
train_VRD_0149_JPG.rf.2b8391803b87912288a70bea6e3b3420.jpg,4000,3000,human,2643,2903,2689,2962
train_VRD_3102_JPG.rf.2c0ef46a9f398d34357759120821938a.jpg,4000,3000,human,805,2121,859,2171
train_VRD_3102_JPG.rf.2c0ef46a9f398d34357759120821938a.jpg,4000,3000,human,2279,22,2323,133
train_VRD_0081_JPG.rf.3234a9e0a5765fa4136d773e6750cb2b.jpg,4000,3000,human,1555,77,1590,164
train_BRA_1063_JPG.rf.36924cc20f19bdd9731edf129b40257c.jpg,4000,3000,human,2965,2457,3012,2509
train_BRA_1063_JPG.rf.36924cc20f19bdd9731edf129b40257c.jpg,4000,3000,human,2859,2443,2899,2501
train_BRS_0055_JPG.rf.38307d035777f29b0d8d4fd6d96f4b3f.jpg,4000,3000,human,2777,101,2819,178
train_BRS_0055_JPG.rf.38307d035777f29b0d8d4fd6d96f4b3f.jpg,4000,3000,human,1573,1812,1618,1848
train_GOR_1060_JPG.rf.39ade49c549ef96b36688cf993212ac3.jpg,4000,3000,human,180,1652,242,1716
train_RAK_0003_JPG.rf.3a275dd5edc8c83843899506a0f9b232.jpg,4000,3000,human,1741,2726,1789,2806
train_BRK_2054_JPG.rf.3b28ef9c9f1332f8abfadeee2a286b82.jpg,4000,3000,human,1707,1784,1810,1843
train_BRK_2054_JPG.rf.3b28ef9c9f1332f8abfadeee2a286b82.jpg,4000,3000,human,3397,1585,3500,1662
train_RAK_0011_JPG.rf.3b2929ca78f019dcb3906653c1cc6d33.jpg,4000,3000,human,461,214,574,304
train_RAK_0061_JPG.rf.3c99072d72eeac64f1034e15d821eea0.jpg,4000,3000,human,603,283,683,355
train_VRD_0114_JPG.rf.3e3a6de2aab731fa65e747c4a6054119.jpg,4000,3000,human,2425,1828,2483,1879
train_BRK_1010_JPG.rf.3f1e1eb997b47bfcd1c94c88e88ecb71.jpg,4000,3000,human,1078,2572,1122,2637
train_BRK_1010_JPG.rf.3f1e1eb997b47bfcd1c94c88e88ecb71.jpg,4000,3000,human,2052,1920,2093,1960
train_JAS_0128_JPG.rf.40d2608390d2df0137fe2422dd4f5b53.jpg,4000,3000,human,846,1843,906,1885
train_JAS_0128_JPG.rf.40d2608390d2df0137fe2422dd4f5b53.jpg,4000,3000,human,2528,725,2573,761
train_VRD_0091_JPG.rf.4430203bfa037547e19c724745a1208a.jpg,4000,3000,human,1240,1378,1337,1425
train_SB_0034_JPG.rf.457a2039a46a75c10d99c35d99c79f4f.jpg,4000,3000,human,2296,1656,2333,1685
train_SB_0034_JPG.rf.457a2039a46a75c10d99c35d99c79f4f.jpg,4000,3000,human,1740,1862,1797,1903
train_SB_0034_JPG.rf.457a2039a46a75c10d99c35d99c79f4f.jpg,4000,3000,human,1961,2475,1989,2518
train_VRD_0088_JPG.rf.462fcace4cd32a57b763293db68fb5cf.jpg,4000,3000,human,1388,1111,1431,1186
train_MED_3023_JPG.rf.4680fff5de4dcc78843aa426c5d0c795.jpg,4000,3000,human,2146,2722,2241,2828
train_RAK_0052_JPG.rf.488438c65e88cfc84d4ce32bad6ac6c1.jpg,4000,3000,human,1792,47,1937,116
train_TRS_0005_JPG.rf.4c6e7ac3648a92e874f6e82b0bd1a809.jpg,4000,3000,human,1790,1270,1825,1304
train_TRS_0005_JPG.rf.4c6e7ac3648a92e874f6e82b0bd1a809.jpg,4000,3000,human,2196,1007,2258,1059
train_TRS_0005_JPG.rf.4c6e7ac3648a92e874f6e82b0bd1a809.jpg,4000,3000,human,2970,1412,3018,1448
train_MED_3047_JPG.rf.4b9c05ed1b76d5e509a813fb5344fa3c.jpg,4000,3000,human,1006,2069,1067,2134
train_SB_0040_JPG.rf.4d7d274e2148905397935a28b91604ff.jpg,4000,3000,human,1717,1661,1776,1698
train_SB_0040_JPG.rf.4d7d274e2148905397935a28b91604ff.jpg,4000,3000,human,2334,1410,2375,1443
train_SB_0040_JPG.rf.4d7d274e2148905397935a28b91604ff.jpg,4000,3000,human,1980,2325,2016,2371
train_VRD_0083_JPG.rf.4fc41439c082ee0a96c311e4e532220c.jpg,4000,3000,human,1527,411,1561,485
train_JAS_0167_JPG.rf.5059212d42b914488e54c8a27d1f1cdd.jpg,4000,3000,human,2325,1994,2367,2044
train_BRA_1013_JPG.rf.50f694f071ee79463dcb753b0c98711c.jpg,4000,3000,human,161,341,256,403
train_BRS_0037_JPG.rf.51e7f5b133b5d569e7faa5ce68e4531d.jpg,4000,3000,human,2693,982,2740,1036
train_BRS_0037_JPG.rf.51e7f5b133b5d569e7faa5ce68e4531d.jpg,4000,3000,human,2633,931,2675,970
train_BRS_0037_JPG.rf.51e7f5b133b5d569e7faa5ce68e4531d.jpg,4000,3000,human,445,669,511,717
train_ZRI_2082_JPG.rf.aaeddab89cc7644d52d1177ed20888f2.jpg,4000,3000,human,2111,718,2163,775
train_ZRI_2082_JPG.rf.aaeddab89cc7644d52d1177ed20888f2.jpg,4000,3000,human,2005,763,2045,810
train_ZRI_2082_JPG.rf.aaeddab89cc7644d52d1177ed20888f2.jpg,4000,3000,human,1768,850,1836,894
train_ZRI_2082_JPG.rf.aaeddab89cc7644d52d1177ed20888f2.jpg,4000,3000,human,1978,835,2041,887
train_ZRI_2082_JPG.rf.aaeddab89cc7644d52d1177ed20888f2.jpg,4000,3000,human,1995,927,2043,980
train_ZRI_2082_JPG.rf.aaeddab89cc7644d52d1177ed20888f2.jpg,4000,3000,human,2023,900,2062,947
train_ZRI_2082_JPG.rf.aaeddab89cc7644d52d1177ed20888f2.jpg,4000,3000,human,2257,1039,2301,1079
train_ZRI_2082_JPG.rf.aaeddab89cc7644d52d1177ed20888f2.jpg,4000,3000,human,1065,2056,1144,2120
train_ZRI_2082_JPG.rf.aaeddab89cc7644d52d1177ed20888f2.jpg,4000,3000,human,1106,2195,1153,2251
train_GOR_1066_JPG.rf.ab2e1991e11368a5caad17692700c784.jpg,4000,3000,human,555,2503,667,2583
train_GOR_1066_JPG.rf.ab2e1991e11368a5caad17692700c784.jpg,4000,3000,human,531,1662,631,1734
train_JAS_0126_JPG.rf.aeee79fe6ec43c984323f56e8fc82903.jpg,4000,3000,human,391,517,485,575
train_GOR_3046_JPG.rf.af0d4393819c8dc08ef9e13358e17227.jpg,4000,3000,human,1316,1302,1374,1384
train_GOR_3046_JPG.rf.af0d4393819c8dc08ef9e13358e17227.jpg,4000,3000,human,1046,1956,1095,2003
train_BRK_2001_JPG.rf.af986c818875bdcba4cb52790c0ec9c3.jpg,4000,3000,human,2061,1532,2116,1594
train_BRK_2001_JPG.rf.af986c818875bdcba4cb52790c0ec9c3.jpg,4000,3000,human,1626,1168,1673,1220
train_BRK_1005_JPG.rf.b02e2c557b60511f463fc9b4d1cbcfbd.jpg,4000,3000,human,988,2767,1040,2825
train_BRK_1005_JPG.rf.b02e2c557b60511f463fc9b4d1cbcfbd.jpg,4000,3000,human,2035,1994,2080,2051
train_VRD_0097_JPG.rf.ab84b52b1634149cafa93e8e68091218.jpg,4000,3000,human,13,1434,152,1507
train_MED_4010_JPG.rf.aefd8cf9c3bdd4985b77f11998fa914e.jpg,4000,3000,human,1693,1,1729,85
train_ZRI_2052_JPG.rf.b072a6a27cfe8cccdc2a07168405e1f8.jpg,4000,3000,human,793,1081,844,1185
train_ZRI_2052_JPG.rf.b072a6a27cfe8cccdc2a07168405e1f8.jpg,4000,3000,human,756,1085,794,1133
train_ZRI_2052_JPG.rf.b072a6a27cfe8cccdc2a07168405e1f8.jpg,4000,3000,human,1334,1767,1391,1873
train_ZRI_2052_JPG.rf.b072a6a27cfe8cccdc2a07168405e1f8.jpg,4000,3000,human,3033,1516,3102,1608
train_ZRI_2052_JPG.rf.b072a6a27cfe8cccdc2a07168405e1f8.jpg,4000,3000,human,3101,1484,3176,1591
train_ZRI_2052_JPG.rf.b072a6a27cfe8cccdc2a07168405e1f8.jpg,4000,3000,human,2691,845,2731,962
train_ZRI_2052_JPG.rf.b072a6a27cfe8cccdc2a07168405e1f8.jpg,4000,3000,human,2359,842,2404,941
train_ZRI_2052_JPG.rf.b072a6a27cfe8cccdc2a07168405e1f8.jpg,4000,3000,human,2625,724,2681,812
train_ZRI_2052_JPG.rf.b072a6a27cfe8cccdc2a07168405e1f8.jpg,4000,3000,human,2569,741,2604,820
train_ZRI_2052_JPG.rf.b072a6a27cfe8cccdc2a07168405e1f8.jpg,4000,3000,human,2235,884,2273,962
train_ZRI_2052_JPG.rf.b072a6a27cfe8cccdc2a07168405e1f8.jpg,4000,3000,human,2324,948,2361,996
train_ZRI_2052_JPG.rf.b072a6a27cfe8cccdc2a07168405e1f8.jpg,4000,3000,human,3877,1227,3957,1302
train_ZRI_2052_JPG.rf.b072a6a27cfe8cccdc2a07168405e1f8.jpg,4000,3000,human,3119,643,3163,716
train_ZRI_2052_JPG.rf.b072a6a27cfe8cccdc2a07168405e1f8.jpg,4000,3000,human,3329,656,3368,727
train_BRK_1012_JPG.rf.b0bf22dbf1fd9ae5dcb9a85bdf3c1bf8.jpg,4000,3000,human,890,2604,956,2647
train_BRK_1012_JPG.rf.b0bf22dbf1fd9ae5dcb9a85bdf3c1bf8.jpg,4000,3000,human,2036,1890,2069,1942
train_VRD_3125_JPG.rf.b1d3109606a1ef18c3049d319bcc8bd5.jpg,4000,3000,human,1226,616,1313,682
train_VRD_2034_JPG.rf.b1f75c0aa2ba7b8a6d95da0e71ac0bc7.jpg,4000,3000,human,2093,1946,2183,2070
train_VRD_2034_JPG.rf.b1f75c0aa2ba7b8a6d95da0e71ac0bc7.jpg,4000,3000,human,2099,1062,2225,1118
train_BRK_2120_JPG.rf.b22b732d05b45630206aab552a6f96d0.jpg,4000,3000,human,2836,631,2898,699
train_BRK_2120_JPG.rf.b22b732d05b45630206aab552a6f96d0.jpg,4000,3000,human,1505,575,1562,650
train_BRS_0001_JPG.rf.b29d03613ab300f1a1b9279df2f20b81.jpg,4000,3000,human,2081,1738,2107,1774
train_BRS_0001_JPG.rf.b29d03613ab300f1a1b9279df2f20b81.jpg,4000,3000,human,2169,1625,2198,1661
train_BRS_0001_JPG.rf.b29d03613ab300f1a1b9279df2f20b81.jpg,4000,3000,human,2108,1730,2129,1761
train_MED_3062_JPG.rf.b3f31c42cdf99ea961633ee695f06006.jpg,4000,3000,human,765,997,830,1044
train_MED_3062_JPG.rf.b3f31c42cdf99ea961633ee695f06006.jpg,4000,3000,human,2723,167,2773,227
train_MED_3018_JPG.rf.b651d7460ce32df3cfa2502ee11bd9f8.jpg,4000,3000,human,2219,2431,2280,2495
train_MED_3018_JPG.rf.b651d7460ce32df3cfa2502ee11bd9f8.jpg,4000,3000,human,2001,2421,2073,2508
train_MED_3018_JPG.rf.b651d7460ce32df3cfa2502ee11bd9f8.jpg,4000,3000,human,2368,1955,2458,2090
train_MED_3018_JPG.rf.b651d7460ce32df3cfa2502ee11bd9f8.jpg,4000,3000,human,2368,1730,2449,1838
train_MED_3018_JPG.rf.b651d7460ce32df3cfa2502ee11bd9f8.jpg,4000,3000,human,2339,1039,2405,1161
train_MED_3018_JPG.rf.b651d7460ce32df3cfa2502ee11bd9f8.jpg,4000,3000,human,2245,173,2300,331
train_MED_3018_JPG.rf.b651d7460ce32df3cfa2502ee11bd9f8.jpg,4000,3000,human,2296,57,2356,217
train_CAP_0001_JPG.rf.b66b50a9ec3721643601b8295cf88012.jpg,4000,3000,human,1724,1299,1814,1469
train_CAP_0001_JPG.rf.b66b50a9ec3721643601b8295cf88012.jpg,4000,3000,human,1928,915,2001,991
train_VRD_0084_JPG.rf.b7e2613ed8e4ae46b2dd43d7e381c53e.jpg,4000,3000,human,1503,447,1554,511
train_MED_3019_JPG.rf.b849dce2d5eec5fd102b650ee49dc75c.jpg,4000,3000,human,2280,1588,2368,1697
train_MED_3019_JPG.rf.b849dce2d5eec5fd102b650ee49dc75c.jpg,4000,3000,human,2230,463,2296,612
train_MED_3019_JPG.rf.b849dce2d5eec5fd102b650ee49dc75c.jpg,4000,3000,human,2295,308,2369,471
train_MED_3019_JPG.rf.b849dce2d5eec5fd102b650ee49dc75c.jpg,4000,3000,human,2332,2029,2417,2163
train_MED_3019_JPG.rf.b849dce2d5eec5fd102b650ee49dc75c.jpg,4000,3000,human,2359,2330,2452,2443
train_MED_3019_JPG.rf.b849dce2d5eec5fd102b650ee49dc75c.jpg,4000,3000,human,2284,2818,2364,2886
train_ZRI_2046_JPG.rf.bb2a94990639580bb0af64f232dd0657.jpg,4000,3000,human,2462,1275,2521,1352
train_ZRI_2046_JPG.rf.bb2a94990639580bb0af64f232dd0657.jpg,4000,3000,human,2643,1439,2704,1492
train_ZRI_2046_JPG.rf.bb2a94990639580bb0af64f232dd0657.jpg,4000,3000,human,2647,1399,2701,1448
train_ZRI_2046_JPG.rf.bb2a94990639580bb0af64f232dd0657.jpg,4000,3000,human,1913,894,1958,979
train_ZRI_2046_JPG.rf.bb2a94990639580bb0af64f232dd0657.jpg,4000,3000,human,2292,885,2342,954
train_ZRI_2046_JPG.rf.bb2a94990639580bb0af64f232dd0657.jpg,4000,3000,human,2369,910,2408,982
train_ZRI_2046_JPG.rf.bb2a94990639580bb0af64f232dd0657.jpg,4000,3000,human,2657,598,2705,686
train_ZRI_2046_JPG.rf.bb2a94990639580bb0af64f232dd0657.jpg,4000,3000,human,1677,463,1726,537
train_ZRI_2046_JPG.rf.bb2a94990639580bb0af64f232dd0657.jpg,4000,3000,human,1615,137,1671,218
train_ZRI_2046_JPG.rf.bb2a94990639580bb0af64f232dd0657.jpg,4000,3000,human,622,954,683,1004
train_ZRI_2046_JPG.rf.bb2a94990639580bb0af64f232dd0657.jpg,4000,3000,human,500,114,555,180
train_ZRI_2046_JPG.rf.bb2a94990639580bb0af64f232dd0657.jpg,4000,3000,human,1170,18,1213,92
train_ZRI_2046_JPG.rf.bb2a94990639580bb0af64f232dd0657.jpg,4000,3000,human,727,180,761,233
train_BLA_0009_JPG.rf.bc124454285ceac658859ce4c3e00a08.jpg,4000,3000,human,3506,1178,3566,1264
train_BLA_0009_JPG.rf.bc124454285ceac658859ce4c3e00a08.jpg,4000,3000,human,341,1754,413,1805
train_BLA_0009_JPG.rf.bc124454285ceac658859ce4c3e00a08.jpg,4000,3000,human,2667,2781,2713,2845
train_GOR_3008_JPG.rf.bca25e58f35592dcf2ebf5faa64f85bf.jpg,4000,3000,human,1075,395,1154,486
train_GOR_3008_JPG.rf.bca25e58f35592dcf2ebf5faa64f85bf.jpg,4000,3000,human,2118,691,2164,768
train_ZRI_2037_JPG.rf.bca310b0035e19e958857a37e9c42c4f.jpg,4000,3000,human,1179,1531,1230,1611
train_ZRI_2037_JPG.rf.bca310b0035e19e958857a37e9c42c4f.jpg,4000,3000,human,1264,1547,1308,1629
train_ZRI_2037_JPG.rf.bca310b0035e19e958857a37e9c42c4f.jpg,4000,3000,human,1325,1569,1366,1622
train_ZRI_2037_JPG.rf.bca310b0035e19e958857a37e9c42c4f.jpg,4000,3000,human,1365,1533,1427,1581
train_ZRI_2037_JPG.rf.bca310b0035e19e958857a37e9c42c4f.jpg,4000,3000,human,1229,1541,1268,1607
train_ZRI_2037_JPG.rf.bca310b0035e19e958857a37e9c42c4f.jpg,4000,3000,human,2200,1740,2272,1807
train_ZRI_2037_JPG.rf.bca310b0035e19e958857a37e9c42c4f.jpg,4000,3000,human,2265,1846,2303,1890
train_ZRI_2037_JPG.rf.bca310b0035e19e958857a37e9c42c4f.jpg,4000,3000,human,2400,1609,2451,1673
train_ZRI_2037_JPG.rf.bca310b0035e19e958857a37e9c42c4f.jpg,4000,3000,human,2615,1413,2672,1461
train_ZRI_2037_JPG.rf.bca310b0035e19e958857a37e9c42c4f.jpg,4000,3000,human,3023,2196,3085,2244
train_ZRI_2037_JPG.rf.bca310b0035e19e958857a37e9c42c4f.jpg,4000,3000,human,3273,2341,3348,2400
train_ZRI_2037_JPG.rf.bca310b0035e19e958857a37e9c42c4f.jpg,4000,3000,human,3243,2354,3280,2402
train_ZRI_2037_JPG.rf.bca310b0035e19e958857a37e9c42c4f.jpg,4000,3000,human,1053,1164,1090,1213
train_ZRI_2037_JPG.rf.bca310b0035e19e958857a37e9c42c4f.jpg,4000,3000,human,1086,1182,1120,1229
train_ZRI_2037_JPG.rf.bca310b0035e19e958857a37e9c42c4f.jpg,4000,3000,human,2775,834,2854,912
train_ZRI_2037_JPG.rf.bca310b0035e19e958857a37e9c42c4f.jpg,4000,3000,human,3518,305,3579,373
train_CAP_0060_JPG.rf.c055c46b2cbcd64852262d91a71bf5c7.jpg,4000,3000,human,1810,1012,1884,1196
train_CAP_0060_JPG.rf.c055c46b2cbcd64852262d91a71bf5c7.jpg,4000,3000,human,2790,1066,2875,1224
train_GOR_3023_JPG.rf.bfcee6668b1ed50f8208f0e164374e70.jpg,4000,3000,human,1358,620,1415,728
train_GOR_3023_JPG.rf.bfcee6668b1ed50f8208f0e164374e70.jpg,4000,3000,human,2597,1122,2650,1199
train_BRK_2028_JPG.rf.c211b0729822317cf62ccc7848cd0f7d.jpg,4000,3000,human,2057,2002,2110,2046
train_ZRI_3023_JPG.rf.c2aba422821ece05b3ba7c434398494b.jpg,4000,3000,human,686,1728,778,1790
train_ZRI_3023_JPG.rf.c2aba422821ece05b3ba7c434398494b.jpg,4000,3000,human,682,1634,785,1692
train_ZRI_3023_JPG.rf.c2aba422821ece05b3ba7c434398494b.jpg,4000,3000,human,1848,1274,1908,1351
train_ZRI_3023_JPG.rf.c2aba422821ece05b3ba7c434398494b.jpg,4000,3000,human,2025,1222,2073,1298
train_ZRI_3023_JPG.rf.c2aba422821ece05b3ba7c434398494b.jpg,4000,3000,human,2604,1635,2668,1687
train_ZRI_3023_JPG.rf.c2aba422821ece05b3ba7c434398494b.jpg,4000,3000,human,2534,1701,2596,1780
train_ZRI_3023_JPG.rf.c2aba422821ece05b3ba7c434398494b.jpg,4000,3000,human,2399,1609,2454,1669
train_ZRI_3023_JPG.rf.c2aba422821ece05b3ba7c434398494b.jpg,4000,3000,human,3301,1239,3361,1309
train_ZRI_3023_JPG.rf.c2aba422821ece05b3ba7c434398494b.jpg,4000,3000,human,3759,1563,3857,1662
train_ZRI_3023_JPG.rf.c2aba422821ece05b3ba7c434398494b.jpg,4000,3000,human,3674,1188,3757,1258
train_ZRI_3023_JPG.rf.c2aba422821ece05b3ba7c434398494b.jpg,4000,3000,human,3690,767,3757,825
train_ZRI_3023_JPG.rf.c2aba422821ece05b3ba7c434398494b.jpg,4000,3000,human,3668,2435,3753,2500
train_ZRI_3023_JPG.rf.c2aba422821ece05b3ba7c434398494b.jpg,4000,3000,human,2989,2547,3058,2629
train_ZRI_3023_JPG.rf.c2aba422821ece05b3ba7c434398494b.jpg,4000,3000,human,2718,2850,2816,2938
train_ZRI_3023_JPG.rf.c2aba422821ece05b3ba7c434398494b.jpg,4000,3000,human,2577,2441,2649,2546
train_ZRI_3023_JPG.rf.c2aba422821ece05b3ba7c434398494b.jpg,4000,3000,human,2150,2556,2224,2621
train_ZRI_3027_JPG.rf.c3c88d409836af1aa84a071706320713.jpg,4000,3000,human,964,973,1032,1048
train_ZRI_3027_JPG.rf.c3c88d409836af1aa84a071706320713.jpg,4000,3000,human,894,909,991,964
train_ZRI_3027_JPG.rf.c3c88d409836af1aa84a071706320713.jpg,4000,3000,human,2962,587,3034,644
train_ZRI_3027_JPG.rf.c3c88d409836af1aa84a071706320713.jpg,4000,3000,human,2646,874,2713,942
train_ZRI_3027_JPG.rf.c3c88d409836af1aa84a071706320713.jpg,4000,3000,human,2487,1,2559,73
train_ZRI_3027_JPG.rf.c3c88d409836af1aa84a071706320713.jpg,4000,3000,human,2332,0,2392,47
train_ZRI_3027_JPG.rf.c3c88d409836af1aa84a071706320713.jpg,4000,3000,human,3312,454,3397,528
train_ZRI_3027_JPG.rf.c3c88d409836af1aa84a071706320713.jpg,4000,3000,human,3279,814,3360,904
train_ZRI_3027_JPG.rf.c3c88d409836af1aa84a071706320713.jpg,4000,3000,human,3572,1226,3635,1282
train_ZRI_3027_JPG.rf.c3c88d409836af1aa84a071706320713.jpg,4000,3000,human,3795,1001,3912,1084
train_ZRI_3027_JPG.rf.c3c88d409836af1aa84a071706320713.jpg,4000,3000,human,3513,2686,3595,2729
train_ZRI_3027_JPG.rf.c3c88d409836af1aa84a071706320713.jpg,4000,3000,human,3469,2640,3537,2697
train_ZRI_3027_JPG.rf.c3c88d409836af1aa84a071706320713.jpg,4000,3000,human,3787,3,3894,98
train_ZRI_3027_JPG.rf.c3c88d409836af1aa84a071706320713.jpg,4000,3000,human,3338,14,3436,103
train_ZRI_3027_JPG.rf.c3c88d409836af1aa84a071706320713.jpg,4000,3000,human,3399,0,3503,89
train_ZRI_3027_JPG.rf.c3c88d409836af1aa84a071706320713.jpg,4000,3000,human,1693,4,1764,75
train_VRD_3007_JPG.rf.c47498f178eda92f6a7e4c90ecbb4979.jpg,4000,3000,human,2675,1180,2721,1233
train_TRS_0022_JPG.rf.c51ba23dc5f8d4379516e20d61187878.jpg,4000,3000,human,2183,2268,2227,2324
train_TRS_0022_JPG.rf.c51ba23dc5f8d4379516e20d61187878.jpg,4000,3000,human,1453,2633,1494,2680
train_TRS_0022_JPG.rf.c51ba23dc5f8d4379516e20d61187878.jpg,4000,3000,human,1271,1525,1321,1559
train_VRD_0086_JPG.rf.c6770c03c005f17aecb969c49ab9261d.jpg,4000,3000,human,1433,387,1478,481
train_JAS_0076_JPG.rf.c63c4a29ac6280c0826a9fd7220d4453.jpg,4000,3000,human,917,1325,1007,1384
train_GOR_2044_JPG.rf.c7b79da470a6fcb36aef152002af598a.jpg,4000,3000,human,2165,1994,2212,2042
train_TRS_0049_JPG.rf.c9a14ae31c023521ee2479d3cc05bd91.jpg,4000,3000,human,2577,2643,2637,2699
train_TRS_0049_JPG.rf.c9a14ae31c023521ee2479d3cc05bd91.jpg,4000,3000,human,969,2179,1012,2223
train_TRS_0049_JPG.rf.c9a14ae31c023521ee2479d3cc05bd91.jpg,4000,3000,human,1231,252,1273,291
train_MED_3033_JPG.rf.c8f61a01dad94ab760a4cad3d3c7ca63.jpg,4000,3000,human,1605,278,1652,358
train_VRD_0145_JPG.rf.cd47952c4ee236bc999be51555c08e9a.jpg,4000,3000,human,1480,1267,1565,1305
train_VRD_0145_JPG.rf.cd47952c4ee236bc999be51555c08e9a.jpg,4000,3000,human,2729,815,2780,865
train_SB_0028_JPG.rf.cdcfe9b71da21cf2d7442c8b81ee5b47.jpg,4000,3000,human,2180,1584,2217,1611
train_SB_0028_JPG.rf.cdcfe9b71da21cf2d7442c8b81ee5b47.jpg,4000,3000,human,1823,2155,1862,2192
train_SB_0028_JPG.rf.cdcfe9b71da21cf2d7442c8b81ee5b47.jpg,4000,3000,human,2319,2752,2355,2817
